481,-2069578888,https://rustlabs.com/img/items180/lmg.m249.png,M249,lmg.m249,10,Пулемет M249
352,1414245162,https://rustlabs.com/img/items180/note.png,Note,note,3,Записка
181,1658229558,https://rustlabs.com/img/items180/lantern.png,Lantern,lantern,7,Фонарь
256,198438816,https://rustlabs.com/img/items180/vending.machine.png,Vending Machine,vending.machine,7,Торговый автомат
517,-1211268013,https://rustlabs.com/img/items180/horse.shoes.basic.png,Basic Horse Shoes,horse.shoes.basic,2,Обычные подковы
186,-1130709577,https://rustlabs.com/img/items180/mining.pumpjack.png,Pump Jack,mining.pumpjack,11,Нефтяная помпа
239,-1832422579,https://rustlabs.com/img/items180/sign.post.town.png,One SgameIded Town Sign Post,sign.post.town,7,Односторонний городской указатель
85,1070894645,https://rustlabs.com/img/items180/male_hairstyle_05.png,m-hairstyle-5,male_hairstyle_05,2,m-hairstyle-5
292,-1520560807,https://rustlabs.com/img/items180/bearmeat.png,Raw Bear Meat,bearmeat,1,Сырое медвежье мясо
257,-1100168350,https://rustlabs.com/img/items180/water.catcher.large.png,Large Water Catcher,water.catcher.large,11,Большой сборщик воды
501,1796682209,https://rustlabs.com/img/items180/smg.2.png,Custom SMG,smg.2,10,Custom SMG
240,826309791,https://rustlabs.com/img/items180/sign.post.town.roof.png,Two SgameIded Town Sign Post,sign.post.town.roof,7,Двусторонний городской указатель
155,176787552,https://rustlabs.com/img/items180/riflebody.png,Rifle Body,riflebody,12,Корпус винтовки
248,-1100422738,https://rustlabs.com/img/items180/spinner.wheel.png,Spinning wheel,spinner.wheel,7,Прялка
130,-1773144852,https://rustlabs.com/img/items180/attire.hgameIde.skirt.png,HgameIde Skirt,attire.hgameIde.skirt,2,Юбка HgameIde
117,1722154847,https://rustlabs.com/img/items180/attire.hgameIde.pants.png,HgameIde Pants,attire.hgameIde.pants,2,Штаны HgameIde
37,-691113464,https://rustlabs.com/img/items180/gates.external.high.stone.png,High External Stone Gate,gates.external.high.stone,11,Высокие каменные ворота
251,1524187186,https://rustlabs.com/img/items180/workbench1.png,Work Bench Level 1,workbench1,7,Верстак 1 уровня
279,-751151717,https://rustlabs.com/img/items180/chicken.spoiled.png,Spoiled Chicken,chicken.spoiled,1,Испорченная курица
419,-1157596551,https://rustlabs.com/img/items180/sulfur.ore.png,Sulfur Ore,sulfur.ore,4,Серная руда
246,-1754948969,https://rustlabs.com/img/items180/sleepingbag.png,Sleeping Bag,sleepingbag,7,Спальный мешок
236,2070189026,https://rustlabs.com/img/items180/sign.pole.banner.large.png,Large Banner on pole,sign.pole.banner.large,7,Большой баннер на шесте
193,-692338819,https://rustlabs.com/img/items180/electric.battery.rechargable.small.png,Small Rechargable Battery,electric.battery.rechargable.small,5,Небольшой аккумулятор
206,-1044468317,https://rustlabs.com/img/items180/electric.rf.broadcaster.png,RF Broadcaster,electric.rf.broadcaster,5,RF-передатчик
469,-75944661,https://rustlabs.com/img/items180/pistol.eoka.png,Eoka Pistol,pistol.eoka,10,Пистолет Эока
64,1189981699,https://rustlabs.com/img/items180/cratecostume.png,Crate Costume,cratecostume,2,Костюм ящика
21,1712070256,https://rustlabs.com/img/items180/ammo.rifle.hv.png,HV 5.56 Rifle Ammo,ammo.rifle.hv,8,Высокоскоростные патроны 5.56
422,-1779180711,https://rustlabs.com/img/items180/water.png,Water,water,4,Вода
412,69511070,https://rustlabs.com/img/items180/metal.fragments.png,Metal Fragments,metal.fragments,4,Металлические обломки
259,2114754781,https://rustlabs.com/img/items180/water.purifier.png,Water Purifier,water.purifier,7,Очиститель воды
234,-996185386,https://rustlabs.com/img/items180/sign.pictureframe.xl.png,XL Picture Frame,sign.pictureframe.xl,7,Очень большая рамка (XL)
453,-855748505,https://rustlabs.com/img/items180/weapon.mod.simplesight.png,Simple Handmade Sight,weapon.mod.simplesight,10,Простой самодельный прицел
441,-566907190,https://rustlabs.com/img/items180/rf_pager.png,RF Pager,rf_pager,5,RF-пейджер
432,-196667575,https://rustlabs.com/img/items180/flashlight.held.png,Flashlight,flashlight.held,9,Фонарик
168,1142993169,https://rustlabs.com/img/items180/ceilinglight.png,Ceiling Light,ceilinglight,5,Потолочный светильник
62,-1000573653,https://rustlabs.com/img/items180/boots.frog.png,Frog Boots,boots.frog,2,Лягушачьи ботинки
48,-796583652,https://rustlabs.com/img/items180/wall.frame.shopfront.png,Shop Front,wall.frame.shopfront,11,Витрина магазина
392,-567909622,https://rustlabs.com/img/items180/pumpkin.png,Pumpkin,pumpkin,1,Тыква
79,649305917,https://rustlabs.com/img/items180/female_hairstyle_02.png,f-hairstyle-2,female_hairstyle_02,2,f-hairstyle-2
287,1536610005,https://rustlabs.com/img/items180/humanmeat.cooked.png,Cooked Human Meat,humanmeat.cooked,1,Приготовленное человеческое мясо
337,573676040,https://rustlabs.com/img/items180/coffin.storage.png,Coffin,coffin.storage,3,Гроб
399,634478325,https://rustlabs.com/img/items180/cctv.camera.png,CCTV Camera,cctv.camera,4,Камера видеонаблюдения
314,-211235948,https://rustlabs.com/img/items180/xylophone.png,Xlyobone,xylophone,6,Ксилобон
118,1850456855,https://rustlabs.com/img/items180/roadsign.kilt.png,Road Sign Kilt,roadsign.kilt,2,Килт из дорожных знаков
154,73681876,https://rustlabs.com/img/items180/techparts.png,Tech Trash,techparts,12,Технический мусор
269,-1941646328,https://rustlabs.com/img/items180/can.tuna.png,Can of Tuna,can.tuna,1,Консервированный тунец
204,-1286302544,https://rustlabs.com/img/items180/electric.orswitch.png,OR Switch,electric.orswitch,5,Логический элемент ИЛИ
150,-1994909036,https://rustlabs.com/img/items180/sheetmetal.png,Sheet Metal,sheetmetal,12,Листовой металл
301,286193827,https://rustlabs.com/img/items180/jar.pickle.png,Pickles,jar.pickle,1,Соленья
307,-2040817543,https://rustlabs.com/img/items180/fun.flute.png,Pan Flute,fun.flute,6,Флейта Пана
2,-1973785141,https://rustlabs.com/img/items180/fogmachine.png,Fogger-3000,fogmachine,3,Fogger-3000
309,-979951147,https://rustlabs.com/img/items180/fun.jerrycanguitar.png,Jerry Can Guitar,fun.jerrycanguitar,6,Гитара из канистры
114,-194953424,https://rustlabs.com/img/items180/metal.facemask.png,Metal Facemask,metal.facemask,2,Металлическая маска для лица
97,-1022661119,https://rustlabs.com/img/items180/hat.cap.png,Baseball Cap,hat.cap,2,Бейсболка
506,-1469578201,https://rustlabs.com/img/items180/longsword.png,Longsword,longsword,10,Длинный меч
89,273951840,https://rustlabs.com/img/items180/scarecrow.suit.png,Scarecrow Suit,scarecrow.suit,2,Костюм пугала
271,1668129151,https://rustlabs.com/img/items180/fish.cooked.png,Cooked Fish,fish.cooked,1,Приготовленная рыба
126,1608640313,https://rustlabs.com/img/items180/shirt.tanktop.png,Tank Top,shirt.tanktop,2,Майка
356,674734128,https://rustlabs.com/img/items180/xmas.door.garland.png,Festive Doorway Garland,xmas.door.garland,7,Праздничный дверной венок
317,1159991980,https://rustlabs.com/img/items180/lock.code.png,Code Lock,lock.code,11,Кодовый замок
111,418081930,https://rustlabs.com/img/items180/wood.armor.jacket.png,Wood Chestplate,wood.armor.jacket,2,Деревянная нагрудная пластина
483,-852563019,https://rustlabs.com/img/items180/pistol.m92.png,M92 Pistol,pistol.m92,10,Пистолет M92
216,-563624462,https://rustlabs.com/img/items180/electric.splitter.png,Splitter,electric.splitter,5,Разветвитель
509,1803831286,https://rustlabs.com/img/items180/toolgun.png,Garry's Mod Toolgun,toolgun,9,Инструмент из Garry's Mod
58,296519935,https://rustlabs.com/img/items180/diving.fins.png,Diving Fins,diving.fins,2,Ласты
390,-886280491,https://rustlabs.com/img/items180/clone.hemp.png,Hemp Clone,clone.hemp,1,Клон конопли
254,-97956382,https://rustlabs.com/img/items180/cupboard.tool.png,Tool Cupboard,cupboard.tool,11,Шкаф для инструментов
231,-845557339,https://rustlabs.com/img/items180/sign.pictureframe.landscape.png,Landscape Picture Frame,sign.pictureframe.landscape,7,Ландшафтная рамка для картины
289,1272768630,https://rustlabs.com/img/items180/humanmeat.spoiled.png,Spoiled Human Meat,humanmeat.spoiled,1,Испорченное человеческое мясо
326,-979302481,https://rustlabs.com/img/items180/easterdoorwreath.png,Easter Door Wreath,easterdoorwreath,7,Пасхальный венок на дверь
96,1714496074,https://rustlabs.com/img/items180/hat.candle.png,Candle Hat,hat.candle,2,Шляпа со свечой
141,-629028935,https://rustlabs.com/img/items180/fuse.png,Electric Fuse,fuse,12,Электрический предохранитель
183,-1863559151,https://rustlabs.com/img/items180/water.barrel.png,Water Barrel,water.barrel,7,Бочка с водой
173,1413014235,https://rustlabs.com/img/items180/frgameIdge.png,FrgameIdge,frgameIdge,7,Холодильник
18,-1211166256,https://rustlabs.com/img/items180/ammo.rifle.png,5.56 Rifle Ammo,ammo.rifle,8,Патроны 5.56
10,-1234735557,https://rustlabs.com/img/items180/arrow.wooden.png,Wooden Arrow,arrow.wooden,8,Деревянная стрела
104,671063303,https://rustlabs.com/img/items180/riot.helmet.png,Riot Helmet,riot.helmet,2,Шлем для подавления беспорядков
51,671706427,https://rustlabs.com/img/items180/wall.window.bars.toptier.png,Reinforced Window Bars,wall.window.bars.toptier,11,Усиленные оконные решетки
192,2023888403,https://rustlabs.com/img/items180/electric.battery.rechargable.medium.png,Medium Rechargable Battery,electric.battery.rechargable.medium,5,Средний аккумулятор
455,567235583,https://rustlabs.com/img/items180/weapon.mod.small.scope.png,8x Zoom Scope,weapon.mod.small.scope,10,Прицел 8x
47,1516985844,https://rustlabs.com/img/items180/wall.frame.netting.png,Netting,wall.frame.netting,11,Сетка
511,1424075905,https://rustlabs.com/img/items180/bucket.water.png,Water Bucket,bucket.water,9,Ведро с водой
265,-586342290,https://rustlabs.com/img/items180/blueberries.png,Blueberries,blueberries,1,Черника
507,1326180354,https://rustlabs.com/img/items180/salvaged.sword.png,Salvaged Sword,salvaged.sword,10,Самодельный меч
266,613961768,https://rustlabs.com/img/items180/botabag.png,Bota Bag,botabag,7,Фляга
394,-1511285251,https://rustlabs.com/img/items180/seed.pumpkin.png,Pumpkin Seed,seed.pumpkin,1,Семена тыквы
191,553270375,https://rustlabs.com/img/items180/electric.battery.rechargable.large.png,Large Rechargable Battery,electric.battery.rechargable.large,5,Большой аккумулятор
24,-1841918730,https://rustlabs.com/img/items180/ammo.rocket.hv.png,High Velocity Rocket,ammo.rocket.hv,8,Высокоскоростная ракета
237,1521286012,https://rustlabs.com/img/items180/sign.post.double.png,Double Sign Post,sign.post.double,7,Двойной указатель
286,-682687162,https://rustlabs.com/img/items180/humanmeat.burned.png,Burnt Human Meat,humanmeat.burned,1,Сгоревшее человеческое мясо
305,-1049881973,https://rustlabs.com/img/items180/fun.cowbell.png,Cowbell,fun.cowbell,6,Коровий колокольчик
341,-1679267738,https://rustlabs.com/img/items180/wall.graveyard.fence.png,Graveyard Fence,wall.graveyard.fence,3,Кладбищенская ограда
100,-1903165497,https://rustlabs.com/img/items180/deer.skull.mask.png,Bone Helmet,deer.skull.mask,2,Костяной шлем
457,-2072273936,https://rustlabs.com/img/items180/bandage.png,Bandage,bandage,14,Бинт
83,1070894646,https://rustlabs.com/img/items180/male_hairstyle_04.png,m-hairstyle-4,male_hairstyle_04,2,m-hairstyle-4
178,1242482355,https://rustlabs.com/img/items180/jackolantern.angry.png,Jack O Lantern Angry,jackolantern.angry,7,Тыква-фонарь (злая)
197,-2049214035,https://rustlabs.com/img/items180/electric.pressurepad.png,Pressure Pad,electric.pressurepad,5,Давленческий датчик
393,1898094925,https://rustlabs.com/img/items180/clone.pumpkin.png,Pumpkin Plant Clone,clone.pumpkin,1,Клон тыквы
479,-778367295,https://rustlabs.com/img/items180/rifle.l96.png,L96 Rifle,rifle.l96,10,Винтовка L96
39,-316250604,https://rustlabs.com/img/items180/ladder.wooden.wall.png,Wooden Ladder,ladder.wooden.wall,11,Деревянная лестница
296,-1167031859,https://rustlabs.com/img/items180/wolfmeat.spoiled.png,Spoiled Wolf Meat,wolfmeat.spoiled,1,Испорченное волчье мясо
145,95950017,https://rustlabs.com/img/items180/metalpipe.png,Metal Pipe,metalpipe,12,Металлическая труба
148,1414245522,https://rustlabs.com/img/items180/rope.png,Rope,rope,12,Веревка
158,-1950721390,https://rustlabs.com/img/items180/barricade.concrete.png,Concrete Barricade,barricade.concrete,11,Бетонное заграждение
170,-1519126340,https://rustlabs.com/img/items180/dropbox.png,Drop Box,dropbox,7,Ящик для сброса
34,1729120840,https://rustlabs.com/img/items180/door.hinged.wood.png,Wooden Door,door.hinged.wood,11,Деревянная дверь
4,1426574435,https://rustlabs.com/img/items180/minihelicopter.repair.png,MC repair,minihelicopter.repair,3,Ремонт МС
35,936496778,https://rustlabs.com/img/items180/floor.grill.png,Floor grill,floor.grill,11,Решетчатый пол
227,1950721418,https://rustlabs.com/img/items180/shelves.png,Salvaged Shelves,shelves,7,Восстановленные полки
336,-2058362263,https://rustlabs.com/img/items180/smallcandles.png,Small Candle Set,smallcandles,3,Маленький набор свечей
244,-1138208076,https://rustlabs.com/img/items180/sign.wooden.small.png,Small Wooden Sign,sign.wooden.small,7,Маленький деревянный знак
310,1272430949,https://rustlabs.com/img/items180/piano.png,Wheelbarrow Piano,piano,6,Фортепиано из тачки
121,237239288,https://rustlabs.com/img/items180/pants.png,Pants,pants,2,Штаны
418,-2099697608,https://rustlabs.com/img/items180/stones.png,Stones,stones,4,Камни
263,352130972,https://rustlabs.com/img/items180/apple.spoiled.png,Rotten Apple,apple.spoiled,1,Гнилое яблоко
313,1784406797,https://rustlabs.com/img/items180/fun.tuba.png,Sousaphone,fun.tuba,6,Сузафон
12,14241751,https://rustlabs.com/img/items180/arrow.fire.png,Fire Arrow,arrow.fire,8,Огненная стрела
225,-1985799200,https://rustlabs.com/img/items180/rug.png,Rug,rug,7,Ковер
451,-1405508498,https://rustlabs.com/img/items180/weapon.mod.muzzleboost.png,Muzzle Boost,weapon.mod.muzzleboost,10,Дульный ускоритель
417,-932201673,https://rustlabs.com/img/items180/scrap.png,Scrap,scrap,4,Металлолом
496,-1780802565,https://rustlabs.com/img/items180/icepick.salvaged.png,Salvaged Icepick,icepick.salvaged,9,Самодельный ледоруб
462,1443579727,https://rustlabs.com/img/items180/bow.hunting.png,Hunting Bow,bow.hunting,10,Охотничий лук
442,1525520776,https://rustlabs.com/img/items180/building.planner.png,Building Plan,building.planner,11,План здания
110,-1163532624,https://rustlabs.com/img/items180/jacket.png,Jacket,jacket,2,Куртка
25,-17123659,https://rustlabs.com/img/items180/ammo.rocket.smoke.png,Smoke Rocket WIP!!!!,ammo.rocket.smoke,8,Дымовая ракета (WIP!!!!)
105,-2094954543,https://rustlabs.com/img/items180/wood.armor.helmet.png,Wood Armor Helmet,wood.armor.helmet,2,Деревянный шлем доспехов
203,-746647361,https://rustlabs.com/img/items180/electrical.memorycell.png,Memory Cell,electrical.memorycell,5,Ячейка памяти
357,1121925526,https://rustlabs.com/img/items180/candycane.png,Candy Cane,candycane,1,Карамельная трость
228,23352662,https://rustlabs.com/img/items180/sign.hanging.banner.large.png,Large Banner Hanging,sign.hanging.banner.large,7,Большой висячий баннер
324,-1004426654,https://rustlabs.com/img/items180/attire.bunnyears.png,Bunny Ears,attire.bunnyears,2,Кроличьи ушки
389,998894949,https://rustlabs.com/img/items180/seed.corn.png,Corn Seed,seed.corn,1,Семена кукурузы
272,989925924,https://rustlabs.com/img/items180/fish.raw.png,Raw Fish,fish.raw,1,Сырая рыба
218,665332906,https://rustlabs.com/img/items180/electric.timer.png,Timer,electric.timer,5,Таймер
138,-2002277461,https://rustlabs.com/img/items180/roadsign.jacket.png,Road Sign Jacket,roadsign.jacket,2,Куртка из дорожных знаков
16,51984655,https://rustlabs.com/img/items180/ammo.pistol.fire.png,Incendiary Pistol Bullet,ammo.pistol.fire,8,Зажигательная пистолетная пуля
490,1373971859,https://rustlabs.com/img/items180/pistol.python.png,Python Revolver,pistol.python,10,Револьвер Python
129,794356786,https://rustlabs.com/img/items180/attire.hgameIde.boots.png,HgameIde Boots,attire.hgameIde.boots,2,Ботинки HgameIde
329,-173268132,https://rustlabs.com/img/items180/rustige_egg_b.png,Rustigé Egg - Blue,rustige_egg_b,3,Яйцо Rustig? - Синее
466,884424049,https://rustlabs.com/img/items180/bow.compound.png,Compound Bow,bow.compound,10,Сложный лук
365,1358643074,https://rustlabs.com/img/items180/snowmachine.png,Snow Machine,snowmachine,3,Снегогенератор
99,-803263829,https://rustlabs.com/img/items180/coffeecan.helmet.png,Coffee Can Helmet,coffeecan.helmet,2,Шлем из кофейной банки
267,1783512007,https://rustlabs.com/img/items180/cactusflesh.png,Cactus Flesh,cactusflesh,1,Мякоть кактуса
368,-465682601,https://rustlabs.com/img/items180/stocking.large.png,SUPER Stocking,stocking.large,7,СУПЕР носок для подарков
147,1199391518,https://rustlabs.com/img/items180/roadsigns.png,Road Signs,roadsigns,12,Дорожные знаки
108,-1102429027,https://rustlabs.com/img/items180/heavy.plate.jacket.png,Heavy Plate Jacket,heavy.plate.jacket,2,Тяжелая пластинчатая куртка
409,317398316,https://rustlabs.com/img/items180/metal.refined.png,High Quality Metal,metal.refined,4,Высококачественный металл
5,-1884328185,https://rustlabs.com/img/items180/scraptransportheli.repair.png,ScrapTransportHeliRepair,scraptransportheli.repair,3,Ремонт транспортного вертолета
302,-1039528932,https://rustlabs.com/img/items180/smallwaterbottle.png,Small Water Bottle,smallwaterbottle,1,Маленькая бутылка воды
238,1542290441,https://rustlabs.com/img/items180/sign.post.single.png,Single Sign Post,sign.post.single,7,Одинарный указатель
382,-2139580305,https://rustlabs.com/img/items180/autoturret.png,Auto Turret,autoturret,5,Автоматическая турель
189,1903654061,https://rustlabs.com/img/items180/planter.small.png,Small Planter Box,planter.small,7,Небольшой ящик для растений
328,-173268129,https://rustlabs.com/img/items180/rustige_egg_a.png,Rustigé Egg - Red,rustige_egg_a,3,Яйцо Rustig? - Красное
133,-1958316066,https://rustlabs.com/img/items180/hazmatsuit_scientist_peacekeeper.png,Scientist Suit,hazmatsuit_scientist_peacekeeper,2,Костюм ученого
250,593465182,https://rustlabs.com/img/items180/table.png,Table,table,7,Стол
440,1079279582,https://rustlabs.com/img/items180/syringe.medical.png,Medical Syringe,syringe.medical,14,Медицинский шприц
184,-110921842,https://rustlabs.com/img/items180/locker.png,Locker,locker,7,Шкафчик
44,1451568081,https://rustlabs.com/img/items180/wall.frame.fence.gate.png,Chainlink Fence Gate,wall.frame.fence.gate,11,Калитка из сетки рабицы
169,1534542921,https://rustlabs.com/img/items180/chair.png,Chair,chair,7,Стул
463,1973165031,https://rustlabs.com/img/items180/cakefiveyear.png,Birthday Cake,cakefiveyear,9,Торт на день рождения
363,756517185,https://rustlabs.com/img/items180/xmas.present.medium.png,Medium Present,xmas.present.medium,3,Средний подарок
161,15388698,https://rustlabs.com/img/items180/barricade.stone.png,Stone Barricade,barricade.stone,11,Каменное заграждение
137,1110385766,https://rustlabs.com/img/items180/metal.plate.torso.png,Metal Chest Plate,metal.plate.torso,2,Металлическая нагрудная пластина
367,1629293099,https://rustlabs.com/img/items180/snowman.png,Snowman,snowman,7,Снеговик
471,-1215753368,https://rustlabs.com/img/items180/flamethrower.png,Flame Thrower,flamethrower,10,Огнемет
219,1835946060,https://rustlabs.com/img/items180/electric.cabletunnel.png,Cable Tunnel,electric.cabletunnel,5,Кабельный тоннель
185,-586784898,https://rustlabs.com/img/items180/mailbox.png,Mail Box,mailbox,7,Почтовый ящик
69,274502203,https://rustlabs.com/img/items180/femalearmpithair.style01.png,f-armpit01,femalearmpithair.style01,2,f-armpit01
175,-1999722522,https://rustlabs.com/img/items180/furnace.png,Furnace,furnace,7,Печь
102,-1539025626,https://rustlabs.com/img/items180/hat.miner.png,Miners Hat,hat.miner,2,Шахтерская каска
439,696029452,https://rustlabs.com/img/items180/map.png,Paper Map,map,7,Бумажная карта
132,-253079493,https://rustlabs.com/img/items180/hazmatsuit_scientist.png,Scientist Suit,hazmatsuit_scientist,2,Костюм ученого
349,882559853,https://rustlabs.com/img/items180/spgameIderweb.png,SpgameIder Webs,spgameIderweb,3,Паучьи сети
429,596469572,https://rustlabs.com/img/items180/rf.detonator.png,RF Transmitter,rf.detonator,9,RF-передатчик
428,-1316706473,https://rustlabs.com/img/items180/tool.camera.png,Camera,tool.camera,9,Камера
396,609049394,https://rustlabs.com/img/items180/battery.small.png,Battery - Small,battery.small,4,Батарейка - малая
420,-1581843485,https://rustlabs.com/img/items180/sulfur.png,Sulfur,sulfur,4,Сера
131,1266491000,https://rustlabs.com/img/items180/hazmatsuit.png,Hazmat Suit,hazmatsuit,2,Костюм химзащиты
136,223891266,https://rustlabs.com/img/items180/tshirt.png,T-Shirt,tshirt,2,Футболка
516,1989785143,https://rustlabs.com/img/items180/horse.shoes.advanced.png,High Quality Horse Shoes,horse.shoes.advanced,2,Подковы высокого качества
388,-778875547,https://rustlabs.com/img/items180/clone.corn.png,Corn Clone,clone.corn,1,Клон кукурузы
188,1581210395,https://rustlabs.com/img/items180/planter.large.png,Large Planter Box,planter.large,7,Большая ящик для растений
146,-1673693549,https://rustlabs.com/img/items180/propanetank.png,Empty Propane Tank,propanetank,12,Пустой баллон с пропаном
252,-41896755,https://rustlabs.com/img/items180/workbench2.png,Work Bench Level 2,workbench2,7,Верстак 2 уровня
426,-1262185308,https://rustlabs.com/img/items180/tool.binoculars.png,Binoculars,tool.binoculars,9,Бинокль
343,1899610628,https://rustlabs.com/img/items180/halloween.lootbag.medium.png,Medium Loot Bag,halloween.lootbag.medium,3,Средний мешок с добычей
223,-1861522751,https://rustlabs.com/img/items180/research.table.png,Research Table,research.table,7,Исследовательский стол
398,1719978075,https://rustlabs.com/img/items180/bone.fragments.png,Bone Fragments,bone.fragments,4,Фрагменты костей
171,-1535621066,https://rustlabs.com/img/items180/fireplace.stone.png,Stone Fireplace,fireplace.stone,7,Каменный камин
157,1230323789,https://rustlabs.com/img/items180/smgbody.png,SMG Body,smgbody,12,Корпус ПП
205,492357192,https://rustlabs.com/img/items180/electric.random.switch.png,RAND Switch,electric.random.switch,5,Логический элемент СЛУЧ
321,-22883916,https://rustlabs.com/img/items180/hat.dragonmask.png,Dragon Mask,hat.dragonmask,2,Маска дракона
354,1789825282,https://rustlabs.com/img/items180/candycaneclub.png,Candy Cane Club,candycaneclub,10,"Клуб ""Карамельная трость"""
366,-363689972,https://rustlabs.com/img/items180/snowball.png,Snowball,snowball,10,Снежок
332,-126305173,https://rustlabs.com/img/items180/easter.paintedeggs.png,Painted Egg,easter.paintedeggs,3,Раскрашенное яйцо
90,809942731,https://rustlabs.com/img/items180/scarecrowhead.png,Scarecrow Wrap,scarecrowhead,2,Обертка пугала
318,-996920608,https://rustlabs.com/img/items180/blueprintbase.png,Blueprint,blueprintbase,3,Чертеж
361,204391461,https://rustlabs.com/img/items180/coal.png,Coal :(,coal,4,Уголь :(
447,174866732,https://rustlabs.com/img/items180/weapon.mod.8x.scope.png,16x Zoom Scope,weapon.mod.8x.scope,10,Прицел 16x
75,-163828117,https://rustlabs.com/img/items180/male.facialhair.style03.png,m-facialhair03,male.facialhair.style03,2,m-facialhair03
177,-1759188988,https://rustlabs.com/img/items180/habrepair.png,Hab Repair,habrepair,3,Ремонт жилья
408,-1982036270,https://rustlabs.com/img/items180/hq.metal.ore.png,High Quality Metal Ore,hq.metal.ore,4,Высококачественная металлическая руда
474,1090916276,https://rustlabs.com/img/items180/pitchfork.png,Pitchfork,pitchfork,10,Вилы
86,16333305,https://rustlabs.com/img/items180/femalepubichair.style01.png,f-pubic01,femalepubichair.style01,2,f-pubic01
410,1381010055,https://rustlabs.com/img/items180/leather.png,Leather,leather,4,Кожа
273,-542577259,https://rustlabs.com/img/items180/fish.minnows.png,Minnows,fish.minnows,1,Миноги
49,-148229307,https://rustlabs.com/img/items180/wall.frame.shopfront.metal.png,Metal Shop Front,wall.frame.shopfront.metal,11,Металлическая витрина магазина
71,-1065444793,https://rustlabs.com/img/items180/femaleeyebrow.style01.png,f-eyebrow01,femaleeyebrow.style01,2,f-eyebrow01
316,-850982208,https://rustlabs.com/img/items180/lock.key.png,Key Lock,lock.key,11,Замок с ключом
13,588596902,https://rustlabs.com/img/items180/ammo.handmade.shell.png,Handmade Shell,ammo.handmade.shell,8,Самодельный патрон
401,-858312878,https://rustlabs.com/img/items180/cloth.png,Cloth,cloth,4,Ткань
179,-1824943010,https://rustlabs.com/img/items180/jackolantern.happy.png,Jack O Lantern Happy,jackolantern.happy,7,Тыква-фонарь (счастливая)
402,-321733511,https://rustlabs.com/img/items180/crude.oil.png,Crude Oil,crude.oil,4,Сырая нефть
435,-484206264,https://rustlabs.com/img/items180/keycard_blue.png,Blue Keycard,keycard_blue,3,Синяя ключ-карта
242,1153652756,https://rustlabs.com/img/items180/sign.wooden.large.png,Large Wooden Sign,sign.wooden.large,7,Большой деревянный знак
30,1221063409,https://rustlabs.com/img/items180/door.double.hinged.toptier.png,Armored Double Door,door.double.hinged.toptier,11,Бронированная двойная дверь
190,2100007442,https://rustlabs.com/img/items180/electric.audioalarm.png,Audio Alarm,electric.audioalarm,5,Звуковая сигнализация
413,-4031221,https://rustlabs.com/img/items180/metal.ore.png,Metal Ore,metal.ore,4,Металлическая руда
414,-1779183908,https://rustlabs.com/img/items180/paper.png,Paper,paper,4,Бумага
112,-2012470695,https://rustlabs.com/img/items180/mask.balaclava.png,Improvised Balaclava,mask.balaclava,2,Самодельная балаклава
325,-1266045928,https://rustlabs.com/img/items180/attire.bunny.onesie.png,Bunny Onesie,attire.bunny.onesie,2,Комбинезон кролика
415,-544317637,https://rustlabs.com/img/items180/researchpaper.png,Research Paper,researchpaper,4,Исследовательская бумага
370,-324675402,https://rustlabs.com/img/items180/attire.reindeer.headband.png,Reindeer Antlers,attire.reindeer.headband,2,Оленьи рога
277,-1848736516,https://rustlabs.com/img/items180/chicken.cooked.png,Cooked Chicken,chicken.cooked,1,Приготовленная курица
431,304481038,https://rustlabs.com/img/items180/flare.png,Flare,flare,9,Сигнальная ракета
162,866889860,https://rustlabs.com/img/items180/barricade.wood.png,Wooden Barricade,barricade.wood,11,Деревянное заграждение
482,28201841,https://rustlabs.com/img/items180/rifle.m39.png,M39 Rifle,rifle.m39,10,Винтовка M39
508,-1758372725,https://rustlabs.com/img/items180/smg.thompson.png,Thompson,smg.thompson,10,Томпсон
493,442886268,https://rustlabs.com/img/items180/rocket.launcher.png,Rocket Launcher,rocket.launcher,10,Ракетная установка
459,1588298435,https://rustlabs.com/img/items180/rifle.bolt.png,Bolt Action Rifle,rifle.bolt,10,Винтовка с продольно-скользящим затвором
448,952603248,https://rustlabs.com/img/items180/weapon.mod.flashlight.png,Weapon flashlight,weapon.mod.flashlight,10,Тактический фонарь для оружия
322,359723196,https://rustlabs.com/img/items180/arcade.machine.chippy.png,Chippy Arcade Game,arcade.machine.chippy,7,Аркадный автомат Chippy
434,1488979457,https://rustlabs.com/img/items180/jackhammer.png,Jackhammer,jackhammer,9,Отбойный молоток
31,-1336109173,https://rustlabs.com/img/items180/door.double.hinged.wood.png,Wood Double Door,door.double.hinged.wood,11,Деревянная двойная дверь
258,-132247350,https://rustlabs.com/img/items180/water.catcher.small.png,Small Water Catcher,water.catcher.small,11,Малый сборщик воды
165,-582782051,https://rustlabs.com/img/items180/trap.bear.png,Snap Trap,trap.bear,13,Капкан
342,479292118,https://rustlabs.com/img/items180/halloween.lootbag.large.png,Large Loot Bag,halloween.lootbag.large,3,Большой мешок с добычей
92,1675639563,https://rustlabs.com/img/items180/hat.beenie.png,Beenie Hat,hat.beenie,2,Бини
513,60528587,https://rustlabs.com/img/items180/horse.armor.roadsign.png,Roadsign Horse Armor,horse.armor.roadsign,2,Конская броня из дорожных знаков
304,-2107018088,https://rustlabs.com/img/items180/fun.bass.png,Shovel Bass,fun.bass,6,Бас-лопата
353,996293980,https://rustlabs.com/img/items180/skull.human.png,Human Skull,skull.human,4,Человеческий череп
198,-502177121,https://rustlabs.com/img/items180/electric.doorcontroller.png,Door Controller,electric.doorcontroller,5,Контроллер двери
281,-1509851560,https://rustlabs.com/img/items180/deermeat.cooked.png,Cooked Deer Meat,deermeat.cooked,1,Приготовленное мясо оленя
229,1205607945,https://rustlabs.com/img/items180/sign.hanging.png,Two SgameIded Hanging Sign,sign.hanging,7,Двусторонняя вывеска
140,1401987718,https://rustlabs.com/img/items180/ducttape.png,Duct Tape,ducttape,12,Клейкая лента
233,121049755,https://rustlabs.com/img/items180/sign.pictureframe.tall.png,Tall Picture Frame,sign.pictureframe.tall,7,Высокая рамка для картины
144,1882709339,https://rustlabs.com/img/items180/metalblade.png,Metal Blade,metalblade,12,Металлическое лезвие
278,-1440987069,https://rustlabs.com/img/items180/chicken.raw.png,Raw Chicken Breast,chicken.raw,1,Сырая куриная грудка
119,-1695367501,https://rustlabs.com/img/items180/pants.shorts.png,Shorts,pants.shorts,2,Шорты
298,-242084766,https://rustlabs.com/img/items180/meat.pork.cooked.png,Cooked Pork,meat.pork.cooked,1,Приготовленная свинина
344,1319617282,https://rustlabs.com/img/items180/halloween.lootbag.small.png,Small Loot Bag,halloween.lootbag.small,3,Маленький мешок с добычей
7,349762871,https://rustlabs.com/img/items180/ammo.grenadelauncher.he.png,40mm HE Grenade,ammo.grenadelauncher.he,8,40мм осколочная граната
95,1877339384,https://rustlabs.com/img/items180/burlap.headwrap.png,Burlap Headwrap,burlap.headwrap,2,Головной убор из мешковины
212,-939424778,https://rustlabs.com/img/items180/electric.flasherlight.png,Flasher Light,electric.flasherlight,5,Мигающий свет
327,1856217390,https://rustlabs.com/img/items180/easterbasket.png,Egg Basket,easterbasket,3,Корзина для яиц
404,1655979682,https://rustlabs.com/img/items180/can.beans.empty.png,Empty Can Of Beans,can.beans.empty,4,Пустая банка из-под фасоли
284,-1162759543,https://rustlabs.com/img/items180/horsemeat.cooked.png,Cooked Horse Meat,horsemeat.cooked,1,Приготовленное мясо лошади
247,-369760990,https://rustlabs.com/img/items180/stash.small.png,Small Stash,stash.small,7,Тайник
378,-129230242,https://rustlabs.com/img/items180/xmas.decoration.pinecone.png,Decorative Pinecones,xmas.decoration.pinecone,3,Декоративные шишки
283,1917703890,https://rustlabs.com/img/items180/horsemeat.burned.png,Burnt Horse Meat,horsemeat.burned,1,Сгоревшее мясо лошади
311,-1379036069,https://rustlabs.com/img/items180/fun.tambourine.png,Canbourine,fun.tambourine,6,Баньо-бубен
372,-1379835144,https://rustlabs.com/img/items180/xmas.window.garland.png,Festive Window Garland,xmas.window.garland,7,Праздничный оконный венок
241,-143132326,https://rustlabs.com/img/items180/sign.wooden.huge.png,Huge Wooden Sign,sign.wooden.huge,7,Огромный деревянный знак
362,-1622660759,https://rustlabs.com/img/items180/xmas.present.large.png,Large Present,xmas.present.large,3,Большой подарок
395,-1018587433,https://rustlabs.com/img/items180/fat.animal.png,Animal Fat,fat.animal,4,Животный жир
391,-237809779,https://rustlabs.com/img/items180/seed.hemp.png,Hemp Seed,seed.hemp,1,Семена конопли
351,-1785231475,https://rustlabs.com/img/items180/halloween.surgeonsuit.png,Surgeon Scrubs,halloween.surgeonsuit,2,Хирургический халат
153,2019042823,https://rustlabs.com/img/items180/tarp.png,Tarp,tarp,12,Брезент
512,1540934679,https://rustlabs.com/img/items180/spear.wooden.png,Wooden Spear,spear.wooden,10,Деревянное копье
32,-2067472972,https://rustlabs.com/img/items180/door.hinged.metal.png,Sheet Metal Door,door.hinged.metal,11,Дверь из листового металла
427,1248356124,https://rustlabs.com/img/items180/explosive.timed.png,Timed Explosive Charge,explosive.timed,9,Взрывчатка с таймером
70,181590376,https://rustlabs.com/img/items180/malearmpithair.style01.png,m-armpit01,malearmpithair.style01,2,m-armpit01
245,352499047,https://rustlabs.com/img/items180/guntrap.png,Shotgun Trap,guntrap,13,Ловушка с дробовиком
510,795236088,https://rustlabs.com/img/items180/torch.png,Torch,torch,9,Факел
450,-132516482,https://rustlabs.com/img/items180/weapon.mod.lasersight.png,Weapon Lasersight,weapon.mod.lasersight,10,Лазерный целеуказатель
255,-1478445584,https://rustlabs.com/img/items180/tunalight.png,Tuna Can Lamp,tunalight,7,Лампа из банки тунца
334,-888153050,https://rustlabs.com/img/items180/halloween.candy.png,Halloween Candy,halloween.candy,3,Хэллоуинские конфеты
487,1953903201,https://rustlabs.com/img/items180/pistol.nailgun.png,Nailgun,pistol.nailgun,10,Гвоздомет
403,1568388703,https://rustlabs.com/img/items180/diesel_barrel.png,Diesel Fuel,diesel_barrel,4,Дизельное топливо
308,-2124352573,https://rustlabs.com/img/items180/fun.guitar.png,Acoustic Guitar,fun.guitar,6,Акустическая гитара
430,1569882109,https://rustlabs.com/img/items180/fishingrod.handmade.png,Handmade Fishing Rod,fishingrod.handmade,10,Самодельная удочка
346,177226991,https://rustlabs.com/img/items180/scarecrow.png,Scarecrow,scarecrow,7,Пугало
374,-1667224349,https://rustlabs.com/img/items180/xmas.decoration.baubels.png,Decorative Baubels,xmas.decoration.baubels,3,Декоративные шары
495,-1506397857,https://rustlabs.com/img/items180/hammer.salvaged.png,Salvaged Hammer,hammer.salvaged,9,Самодельный молот
470,143803535,https://rustlabs.com/img/items180/grenade.f1.png,F1 Grenade,grenade.f1,10,Граната Ф1
125,196700171,https://rustlabs.com/img/items180/attire.hgameIde.vest.png,HgameIde Vest,attire.hgameIde.vest,2,Жилет HgameIde
377,1723747470,https://rustlabs.com/img/items180/xmas.decoration.lights.png,Tree Lights,xmas.decoration.lights,3,Гирлянда на елку
72,-874975042,https://rustlabs.com/img/items180/maleeyebrow.style01.png,m-eyebrow01,maleeyebrow.style01,2,m-eyebrow01
243,-1819233322,https://rustlabs.com/img/items180/sign.wooden.medium.png,Wooden Sign,sign.wooden.medium,7,Деревянный знак
208,1293102274,https://rustlabs.com/img/items180/electric.xorswitch.png,XOR Switch,electric.xorswitch,5,Логический элемент ИСКЛ. ИЛИ
127,-1549739227,https://rustlabs.com/img/items180/shoes.boots.png,Boots,shoes.boots,2,Ботинки
43,-1429456799,https://rustlabs.com/img/items180/wall.frame.cell.png,Prison Cell Wall,wall.frame.cell,11,Стена тюремной камеры
491,649912614,https://rustlabs.com/img/items180/pistol.revolver.png,Revolver,pistol.revolver,10,Револьвер
518,1796682209,https://rustlabs.com/img/items180/smg.2.png,Custom SMG,smg.2,10,
320,-854270928,https://rustlabs.com/img/items180/dragondoorknocker.png,Dragon Door Knocker,dragondoorknocker,7,Дверной молоток в виде дракона
373,2009734114,https://rustlabs.com/img/items180/xmasdoorwreath.png,Christmas Door Wreath,xmasdoorwreath,7,Рождественский дверной венок
27,-1036635990,https://rustlabs.com/img/items180/ammo.shotgun.fire.png,12 Gauge Incendiary Shell,ammo.shotgun.fire,8,Зажигательный патрон 12 калибра
249,559147458,https://rustlabs.com/img/items180/fishtrap.small.png,Survival Fish Trap,fishtrap.small,7,Рыболовная ловушка
338,1242522330,https://rustlabs.com/img/items180/cursedcauldron.png,Cursed Cauldron,cursedcauldron,3,Прокипяченный котел
369,1668858301,https://rustlabs.com/img/items180/stocking.small.png,Small Stocking,stocking.small,7,Маленький носок для подарков
360,-1651220691,https://rustlabs.com/img/items180/pookie.bear.png,Pookie Bear,pookie.bear,7,Плюшевый мишка Поки
36,1948067030,https://rustlabs.com/img/items180/floor.ladder.hatch.png,Ladder Hatch,floor.ladder.hatch,11,Люк с лестницей
371,-575483084,https://rustlabs.com/img/items180/santahat.png,Santa Hat,santahat,2,Шапка Санты
294,813023040,https://rustlabs.com/img/items180/wolfmeat.cooked.png,Cooked Wolf Meat,wolfmeat.cooked,1,Приготовленное волчье мясо
235,98508942,https://rustlabs.com/img/items180/sign.pictureframe.xxl.png,XXL Picture Frame,sign.pictureframe.xxl,7,Очень-очень большая рамка (XXL)
291,1873897110,https://rustlabs.com/img/items180/bearmeat.cooked.png,Cooked Bear Meat,bearmeat.cooked,1,Приготовленное медвежье мясо
38,-335089230,https://rustlabs.com/img/items180/gates.external.high.wood.png,High External Wooden Gate,gates.external.high.wood,11,Высокие деревянные ворота
78,1070894649,https://rustlabs.com/img/items180/male_hairstyle_01.png,m-hairstyle-1,male_hairstyle_01,2,m-hairstyle-1
113,-702051347,https://rustlabs.com/img/items180/mask.bandana.png,Bandana Mask,mask.bandana,2,Маска-бандана
355,1058261682,https://rustlabs.com/img/items180/xmas.lightstring.png,Christmas Lights,xmas.lightstring,7,Рождественские огни
217,1371909803,https://rustlabs.com/img/items180/electric.teslacoil.png,Tesla Coil,electric.teslacoil,5,Катушка Тесла
425,-1432674913,https://rustlabs.com/img/items180/antiradpills.png,Anti-Radiation Pills,antiradpills,14,Антирадиационные таблетки
84,649305918,https://rustlabs.com/img/items180/female_hairstyle_05.png,f-hairstyle-5,female_hairstyle_05,2,f-hairstyle-5
93,-23994173,https://rustlabs.com/img/items180/hat.boonie.png,Boonie Hat,hat.boonie,2,Шляпа буни
476,200773292,https://rustlabs.com/img/items180/hammer.png,Hammer,hammer,9,Молоток
149,1234880403,https://rustlabs.com/img/items180/sewingkit.png,Sewing Kit,sewingkit,12,Швейный набор
303,-119235651,https://rustlabs.com/img/items180/waterjug.png,Water Jug,waterjug,1,Водяной кувшин
160,-559599960,https://rustlabs.com/img/items180/barricade.sandbags.png,Sandbag Barricade,barricade.sandbags,11,Мешковое заграждение
176,1160881421,https://rustlabs.com/img/items180/hitchtroughcombo.png,Hitch & Trough,hitchtroughcombo,7,Сцепка и корыто
494,-262590403,https://rustlabs.com/img/items180/axe.salvaged.png,Salvaged Axe,axe.salvaged,9,Самодельный топор
262,1548091822,https://rustlabs.com/img/items180/apple.png,Apple,apple,1,Яблоко
504,171931394,https://rustlabs.com/img/items180/stone.pickaxe.png,Stone Pickaxe,stone.pickaxe,9,Каменная кирка
268,-700591459,https://rustlabs.com/img/items180/can.beans.png,Can of Beans,can.beans,1,Консервированная фасоль
65,21402876,https://rustlabs.com/img/items180/burlap.gloves.new.png,Burlap Gloves,burlap.gloves.new,2,Мешковичные перчатки
199,1171735914,https://rustlabs.com/img/items180/electric.andswitch.png,AND Switch,electric.andswitch,5,Логический элемент И
3,2104517339,https://rustlabs.com/img/items180/strobelight.png,Strobe Light,strobelight,3,Стробоскоп
164,1099314009,https://rustlabs.com/img/items180/bbq.png,Barbeque,bbq,7,Мангал
53,-1199897169,https://rustlabs.com/img/items180/shutter.metal.embrasure.a.png,Metal horizontal embrasure,shutter.metal.embrasure.a,11,Металлическая горизонтальная амбразура
386,-1009359066,https://rustlabs.com/img/items180/samsite.png,SAM Site,samsite,13,Зенитный ракетный комплекс
201,-1448252298,https://rustlabs.com/img/items180/electrical.branch.png,Electrical Branch,electrical.branch,5,Электрическая ветка
280,-78533081,https://rustlabs.com/img/items180/deermeat.burned.png,Burnt Deer Meat,deermeat.burned,1,Сгоревшее мясо оленя
514,1659447559,https://rustlabs.com/img/items180/horse.armor.wood.png,Wooden Horse Armor,horse.armor.wood,2,Деревянная конская броня
477,-1252059217,https://rustlabs.com/img/items180/hatchet.png,Hatchet,hatchet,9,Топорик
306,-1330640246,https://rustlabs.com/img/items180/drumkit.png,Junkyard Drum Kit,drumkit,6,Барабанная установка из хлама
22,-742865266,https://rustlabs.com/img/items180/ammo.rocket.basic.png,Rocket,ammo.rocket.basic,8,Ракета
135,935692442,https://rustlabs.com/img/items180/tshirt.long.png,Longsleeve T-Shirt,tshirt.long,2,Футболка с длинным рукавом
156,573926264,https://rustlabs.com/img/items180/semibody.png,Semi Automatic Body,semibody,12,Корпус полуавтомата
11,215754713,https://rustlabs.com/img/items180/arrow.bone.png,Bone Arrow,arrow.bone,8,Костяная стрела
207,888415708,https://rustlabs.com/img/items180/electric.rf.receiver.png,RF Receiver,electric.rf.receiver,5,RF-приемник
23,1638322904,https://rustlabs.com/img/items180/ammo.rocket.fire.png,Incendiary Rocket,ammo.rocket.fire,8,Зажигательная ракета
348,553887414,https://rustlabs.com/img/items180/skull_fire_pit.png,Skull Fire Pit,skull_fire_pit,7,Кострище в виде черепа
41,99588025,https://rustlabs.com/img/items180/wall.external.high.png,High External Wooden Wall,wall.external.high,11,Высокая деревянная стена
467,1965232394,https://rustlabs.com/img/items180/crossbow.png,Crossbow,crossbow,10,Арбалет
73,798638114,https://rustlabs.com/img/items180/facialhair.style01.png,m-facialhair01,facialhair.style01,2,m-facialhair01
55,-1614955425,https://rustlabs.com/img/items180/wall.window.glass.reinforced.png,Reinforced Glass Window,wall.window.glass.reinforced,11,Усиленное стекло окна
59,-113413047,https://rustlabs.com/img/items180/diving.mask.png,Diving Mask,diving.mask,2,Маска для дайвинга
167,1946219319,https://rustlabs.com/img/items180/campfire.png,Camp Fire,campfire,7,Костер
478,2040726127,https://rustlabs.com/img/items180/knife.combat.png,Combat Knife,knife.combat,10,Боевой нож
468,-765183617,https://rustlabs.com/img/items180/shotgun.double.png,Double Barrel Shotgun,shotgun.double,10,Двуствольное ружье
400,-1938052175,https://rustlabs.com/img/items180/charcoal.png,Charcoal,charcoal,4,Древесный уголь
285,-1130350864,https://rustlabs.com/img/items180/horsemeat.raw.png,Raw Horse Meat,horsemeat.raw,1,Сырое мясо лошади
260,-1819763926,https://rustlabs.com/img/items180/generator.wind.scrap.png,Wind Turbine,generator.wind.scrap,5,Ветрогенератор
82,1070894647,https://rustlabs.com/img/items180/male_hairstyle_03.png,m-hairstyle-3,male_hairstyle_03,2,m-hairstyle-3
264,1931713481,https://rustlabs.com/img/items180/black.raspberries.png,Black Raspberries,black.raspberries,1,Черная малина
226,2087678962,https://rustlabs.com/img/items180/searchlight.png,Search Light,searchlight,7,Прожектор
174,-1992717673,https://rustlabs.com/img/items180/furnace.large.png,Large Furnace,furnace.large,7,Большая печь
152,642482233,https://rustlabs.com/img/items180/sticks.png,Sticks,sticks,12,Палки
424,-151838493,https://rustlabs.com/img/items180/wood.png,Wood,wood,4,Дерево
380,2106561762,https://rustlabs.com/img/items180/xmas.decoration.tinsel.png,Decorative Tinsel,xmas.decoration.tinsel,3,Декоративный дождик
94,850280505,https://rustlabs.com/img/items180/bucket.helmet.png,Bucket Helmet,bucket.helmet,2,Ведро-шлем
195,-1507239837,https://rustlabs.com/img/items180/electric.hbhfsensor.png,HBHF Sensor,electric.hbhfsensor,5,Датчик HBHF
500,-904863145,https://rustlabs.com/img/items180/rifle.semiauto.png,Semi-Automatic Rifle,rifle.semiauto,10,Полуавтоматическая винтовка
485,-1137865085,https://rustlabs.com/img/items180/machete.png,Machete,machete,10,Мачете
282,1422530437,https://rustlabs.com/img/items180/deermeat.raw.png,Raw Deer Meat,deermeat.raw,1,Сырое мясо оленя
123,602741290,https://rustlabs.com/img/items180/burlap.shirt.png,Burlap Shirt,burlap.shirt,2,Рубашка из мешковины
124,-2025184684,https://rustlabs.com/img/items180/shirt.collared.png,Shirt,shirt.collared,2,Рубашка
270,363467698,https://rustlabs.com/img/items180/chocholate.png,Chocolate Bar,chocholate,1,Шоколадный батончик
276,1973684065,https://rustlabs.com/img/items180/chicken.burned.png,Burnt Chicken,chicken.burned,1,Сгоревшая курица
182,833533164,https://rustlabs.com/img/items180/box.wooden.large.png,Large Wood Box,box.wooden.large,7,Большой деревянный ящик
443,1263920163,https://rustlabs.com/img/items180/grenade.smoke.png,Smoke Grenade,grenade.smoke,9,Дымовая граната
295,-395377963,https://rustlabs.com/img/items180/wolfmeat.raw.png,Raw Wolf Meat,wolfmeat.raw,1,Сырое волчье мясо
449,442289265,https://rustlabs.com/img/items180/weapon.mod.holosight.png,Holosight,weapon.mod.holosight,10,Голографический прицел
275,-746030907,https://rustlabs.com/img/items180/granolabar.png,Granola Bar,granolabar,1,Гранола батончик
253,-1607980696,https://rustlabs.com/img/items180/workbench3.png,Work Bench Level 3,workbench3,7,Верстак 3 уровня
376,1686524871,https://rustlabs.com/img/items180/xmas.decoration.gingerbreadmen.png,Decorative Gingerbread Men,xmas.decoration.gingerbreadmen,3,Декоративные пряничные человечки
66,1366282552,https://rustlabs.com/img/items180/burlap.gloves.png,Leather Gloves,burlap.gloves,2,Кожаные перчатки
446,-144417939,https://rustlabs.com/img/items180/wiretool.png,Wire Tool,wiretool,5,Инструмент для проводов
1,-1478212975,https://rustlabs.com/img/items180/hat.wolf.png,Wolf Headdress,hat.wolf,2,Волчий головной убор
87,-1190096326,https://rustlabs.com/img/items180/malepubichair.style01.png,m-pubic01,malepubichair.style01,2,m-pubic01
465,-1978999529,https://rustlabs.com/img/items180/salvaged.cleaver.png,Salvaged Cleaver,salvaged.cleaver,10,Самодельный тесак
300,-1962971928,https://rustlabs.com/img/items180/mushroom.png,Mushroom,mushroom,1,Гриб
330,844440409,https://rustlabs.com/img/items180/easter.bronzeegg.png,Bronze Egg,easter.bronzeegg,3,Бронзовое яйцо
40,-967648160,https://rustlabs.com/img/items180/wall.external.high.stone.png,High External Stone Wall,wall.external.high.stone,11,Высокая каменная стена
437,-1880870149,https://rustlabs.com/img/items180/keycard_red.png,Red Keycard,keycard_red,3,Красная ключ-карта
411,-946369541,https://rustlabs.com/img/items180/lowgradefuel.png,Low Grade Fuel,lowgradefuel,4,Низкокачественное топливо
261,-180129657,https://rustlabs.com/img/items180/box.wooden.png,Wood Storage Box,box.wooden,7,Ящик для хранения дерева
387,1367190888,https://rustlabs.com/img/items180/corn.png,Corn,corn,1,Кукуруза
109,-48090175,https://rustlabs.com/img/items180/jacket.snow.png,Snow Jacket,jacket.snow,2,Зимняя куртка
77,649305914,https://rustlabs.com/img/items180/female_hairstyle_01.png,f-hairstyle-1,female_hairstyle_01,2,f-hairstyle-1
381,794443127,https://rustlabs.com/img/items180/xmas.tree.png,Christmas Tree,xmas.tree,7,Рождественская елка
14,-2097376851,https://rustlabs.com/img/items180/ammo.nailgun.nails.png,Nailgun Nails,ammo.nailgun.nails,8,Гвозди для гвоздомета
347,-216116642,https://rustlabs.com/img/items180/skulldoorknocker.png,Skull Door Knocker,skulldoorknocker,7,Дверной молоток в виде черепа
436,37122747,https://rustlabs.com/img/items180/keycard_green.png,Green Keycard,keycard_green,3,Зеленая ключ-карта
134,-1772746857,https://rustlabs.com/img/items180/scientistsuit_heavy.png,Heavy Scientist Suit,scientistsuit_heavy,2,Тяжелый костюм ученого
88,277730763,https://rustlabs.com/img/items180/halloween.mummysuit.png,Mummy Suit,halloween.mummysuit,2,Костюм мумии
128,-761829530,https://rustlabs.com/img/items180/burlap.shoes.png,Burlap Shoes,burlap.shoes,2,Обувь из мешковины
74,-163828118,https://rustlabs.com/img/items180/male.facialhair.style02.png,m-facialhair02,male.facialhair.style02,2,m-facialhair02
57,-463122489,https://rustlabs.com/img/items180/watchtower.wood.png,Watch Tower,watchtower.wood,11,Сторожевая вышка
312,273172220,https://rustlabs.com/img/items180/fun.trumpet.png,Plumber's Trumpet,fun.trumpet,6,Сантехническая труба
486,1318558775,https://rustlabs.com/img/items180/smg.mp5.png,MP5A4,smg.mp5,10,Пистолет-пулемет MP5A4
503,-1583967946,https://rustlabs.com/img/items180/stonehatchet.png,Stone Hatchet,stonehatchet,9,Каменный топор
340,699075597,https://rustlabs.com/img/items180/woodcross.png,Wooden Cross,woodcross,3,Деревянный крест
187,-1293296287,https://rustlabs.com/img/items180/small.oil.refinery.png,Small Oil Refinery,small.oil.refinery,7,Небольшой нефтеперерабатывающий завод
180,-1663759755,https://rustlabs.com/img/items180/trap.landmine.png,Land Mine,trap.landmine,13,Мины
76,-163828112,https://rustlabs.com/img/items180/male.facialhair.style04.png,m-facialhair04,male.facialhair.style04,2,m-facialhair04
80,1070894648,https://rustlabs.com/img/items180/male_hairstyle_02.png,m-hairstyle-2,male_hairstyle_02,2,m-hairstyle-2
333,1757265204,https://rustlabs.com/img/items180/easter.silveregg.png,Silver Egg,easter.silveregg,3,Серебряное яйцо
163,1382263453,https://rustlabs.com/img/items180/barricade.woodwire.png,Barbed Wooden Barricade,barricade.woodwire,11,Колючее деревянное заграждение
472,-1123473824,https://rustlabs.com/img/items180/multiplegrenadelauncher.png,Multiple Grenade Launcher,multiplegrenadelauncher,10,Многоствольный гранатомет
215,1951603367,https://rustlabs.com/img/items180/electric.switch.png,Switch,electric.switch,5,Выключатель
406,-592016202,https://rustlabs.com/img/items180/explosives.png,Explosives,explosives,4,Взрывчатка
209,1849887541,https://rustlabs.com/img/items180/electric.fuelgenerator.small.png,Small Generator,electric.fuelgenerator.small,5,Малый генератор
224,-1104881824,https://rustlabs.com/img/items180/rug.bear.png,Rug Bear Skin,rug.bear,7,Ковер из медвежьей шкуры
143,-1899491405,https://rustlabs.com/img/items180/glue.png,Glue,glue,12,Клей
433,999690781,https://rustlabs.com/img/items180/geiger.counter.png,Geiger Counter,geiger.counter,9,Дозиметр
423,2048317869,https://rustlabs.com/img/items180/skull.wolf.png,Wolf Skull,skull.wolf,4,Волчий череп
139,1553078977,https://rustlabs.com/img/items180/bleach.png,Bleach,bleach,12,Отбеливатель
214,762289806,https://rustlabs.com/img/items180/electric.sirenlight.png,Siren Light,electric.sirenlight,5,Свет сирены
107,1746956556,https://rustlabs.com/img/items180/bone.armor.suit.png,Bone Armor,bone.armor.suit,2,Костяные доспехи
159,1655650836,https://rustlabs.com/img/items180/barricade.metal.png,Metal Barricade,barricade.metal,11,Металлическое заграждение
122,980333378,https://rustlabs.com/img/items180/attire.hgameIde.poncho.png,HgameIde Poncho,attire.hgameIde.poncho,2,Пончо HgameIde
101,1181207482,https://rustlabs.com/img/items180/heavy.plate.helmet.png,Heavy Plate Helmet,heavy.plate.helmet,2,Тяжелый пластинчатый шлем
350,1885488976,https://rustlabs.com/img/items180/spookyspeaker.png,Spooky Speaker,spookyspeaker,3,Жуткий динамик
221,-1736356576,https://rustlabs.com/img/items180/target.reactive.png,Reactive Target,target.reactive,7,Реактивная мишень
29,1390353317,https://rustlabs.com/img/items180/door.double.hinged.metal.png,Sheet Metal Double Door,door.double.hinged.metal,11,Двойная дверь из листового металла
116,-1778159885,https://rustlabs.com/img/items180/heavy.plate.pants.png,Heavy Plate Pants,heavy.plate.pants,2,Тяжелые пластинчатые штаны
50,-819720157,https://rustlabs.com/img/items180/wall.window.bars.metal.png,Metal Window Bars,wall.window.bars.metal,11,Металлические оконные решетки
345,1346158228,https://rustlabs.com/img/items180/pumpkinbasket.png,Pumpkin Bucket,pumpkinbasket,3,Тыквенное ведро
358,-695124222,https://rustlabs.com/img/items180/giantcandycanedecor.png,Giant Candy Decor,giantcandycanedecor,3,Гигантское конфетное украшение
151,-1021495308,https://rustlabs.com/img/items180/metalspring.png,Metal Spring,metalspring,12,Металлическая пружина
405,-1557377697,https://rustlabs.com/img/items180/can.tuna.empty.png,Empty Tuna Can,can.tuna.empty,4,Пустая банка из-под тунца
297,1391703481,https://rustlabs.com/img/items180/meat.pork.burned.png,Burnt Pork,meat.pork.burned,1,Сгоревшая свинина
166,-1273339005,https://rustlabs.com/img/items180/bed.png,Bed,bed,7,Кровать
194,-216999575,https://rustlabs.com/img/items180/electric.counter.png,Counter,electric.counter,5,Счетчик
421,1523195708,https://rustlabs.com/img/items180/targeting.computer.png,Targeting Computer,targeting.computer,4,Целеуказающий компьютер
19,-1321651331,https://rustlabs.com/img/items180/ammo.rifle.explosive.png,Explosive 5.56 Rifle Ammo,ammo.rifle.explosive,8,Разрывные патроны 5.56
202,-458565393,https://rustlabs.com/img/items180/electrical.combiner.png,Root Combiner,electrical.combiner,5,Комбайнер корней
61,-1101924344,https://rustlabs.com/img/items180/diving.wetsuit.png,Wetsuit,diving.wetsuit,2,Гидрокостюм
56,-1023374709,https://rustlabs.com/img/items180/shutter.wood.a.png,Wood Shutters,shutter.wood.a,11,Деревянные ставни
45,-1117626326,https://rustlabs.com/img/items180/wall.frame.fence.png,Chainlink Fence,wall.frame.fence,11,Забор из сетки рабицы
383,528668503,https://rustlabs.com/img/items180/flameturret.png,Flame Turret,flameturret,13,Огнеметная турель
63,-1215166612,https://rustlabs.com/img/items180/barrelcostume.png,A Barrel Costume,barrelcostume,2,Бочковый костюм
67,-699558439,https://rustlabs.com/img/items180/roadsign.gloves.png,Roadsign Gloves,roadsign.gloves,2,Перчатки из дорожных знаков
499,818877484,https://rustlabs.com/img/items180/pistol.semiauto.png,Semi-Automatic Pistol,pistol.semiauto,10,Полуавтоматический пистолет
60,-2022172587,https://rustlabs.com/img/items180/diving.tank.png,Diving Tank,diving.tank,2,Баллон для дайвинга
142,479143914,https://rustlabs.com/img/items180/gears.png,Gears,gears,12,Шестерни
33,1353298668,https://rustlabs.com/img/items180/door.hinged.toptier.png,Armored Door,door.hinged.toptier,11,Бронированная дверь
232,-1370759135,https://rustlabs.com/img/items180/sign.pictureframe.portrait.png,Portrait Picture Frame,sign.pictureframe.portrait,7,Портретная рамка для картины
385,-384243979,https://rustlabs.com/img/items180/ammo.rocket.sam.png,SAM Ammo,ammo.rocket.sam,8,Боеприпасы для ЗРК
323,1409529282,https://rustlabs.com/img/items180/door.closer.png,Door Closer,door.closer,11,Доводчик двери
505,1602646136,https://rustlabs.com/img/items180/spear.stone.png,Stone Spear,spear.stone,10,Каменное копье
293,1827479659,https://rustlabs.com/img/items180/wolfmeat.burned.png,Burnt Wolf Meat,wolfmeat.burned,1,Сгоревшее волчье мясо
222,803222026,https://rustlabs.com/img/items180/box.repair.bench.png,Repair Bench,box.repair.bench,7,Ремонтный верстак
98,968019378,https://rustlabs.com/img/items180/clatter.helmet.png,Clatter Helmet,clatter.helmet,2,Шлем клаттер
492,963906841,https://rustlabs.com/img/items180/rock.png,Rock,rock,9,Камень
489,-1367281941,https://rustlabs.com/img/items180/shotgun.waterpipe.png,Waterpipe Shotgun,shotgun.waterpipe,10,Самодельное ружье
52,-1183726687,https://rustlabs.com/img/items180/wall.window.bars.wood.png,Wooden Window Bars,wall.window.bars.wood,11,Деревянные оконные решетки
9,-1023065463,https://rustlabs.com/img/items180/arrow.hv.png,High Velocity Arrow,arrow.hv,8,Высокоскоростная стрела
290,-989755543,https://rustlabs.com/img/items180/bearmeat.burned.png,Burnt Bear Meat,bearmeat.burned,1,Сгоревшее медвежье мясо
15,785728077,https://rustlabs.com/img/items180/ammo.pistol.png,Pistol Bullet,ammo.pistol,8,Пистолетная пуля
458,1840822026,https://rustlabs.com/img/items180/grenade.beancan.png,Beancan Grenade,grenade.beancan,10,Самодельная граната
444,1397052267,https://rustlabs.com/img/items180/supply.signal.png,Supply Signal,supply.signal,9,Сигнал снабжения
8,915408809,https://rustlabs.com/img/items180/ammo.grenadelauncher.smoke.png,40mm Smoke Grenade,ammo.grenadelauncher.smoke,8,40мм дымовая граната
17,-1691396643,https://rustlabs.com/img/items180/ammo.pistol.hv.png,HV Pistol Ammo,ammo.pistol.hv,8,Высокоскоростные пистолетные патроны
299,621915341,https://rustlabs.com/img/items180/meat.boar.png,Raw Pork,meat.boar,1,Сырая свинина
91,3222790,https://rustlabs.com/img/items180/attire.hgameIde.helterneck.png,HgameIde Halterneck,attire.hgameIde.helterneck,2,HgameIde бретелька
456,1545779598,https://rustlabs.com/img/items180/rifle.ak.png,Assault Rifle,rifle.ak,10,Штурмовая винтовка
220,1052926200,https://rustlabs.com/img/items180/mining.quarry.png,Mining Quarry,mining.quarry,11,Горный карьер
416,-277057363,https://rustlabs.com/img/items180/water.salt.png,Salt Water,water.salt,4,Соленая вода
484,-1966748496,https://rustlabs.com/img/items180/mace.png,Mace,mace,10,Булава
438,254522515,https://rustlabs.com/img/items180/largemedkit.png,Large Medkit,largemedkit,14,Большая аптечка
54,-1199897172,https://rustlabs.com/img/items180/shutter.metal.embrasure.b.png,Metal Vertical embrasure,shutter.metal.embrasure.b,11,Металлическая вертикальная амбразура
445,1975934948,https://rustlabs.com/img/items180/surveycharge.png,Survey Charge,surveycharge,9,Разведывательный заряд
120,832133926,https://rustlabs.com/img/items180/wood.armor.pants.png,Wood Armor Pants,wood.armor.pants,2,Деревянные штаны доспехов
210,-295829489,https://rustlabs.com/img/items180/electric.generator.small.png,Test Generator,electric.generator.small,5,Тестовый генератор
407,-265876753,https://rustlabs.com/img/items180/gunpowder.png,Gun Powder,gunpowder,4,Порох
397,1776460938,https://rustlabs.com/img/items180/blood.png,Blood,blood,14,Кровь
28,-727717969,https://rustlabs.com/img/items180/ammo.shotgun.slug.png,12 Gauge Slug,ammo.shotgun.slug,8,Пуля 12 калибра
375,-209869746,https://rustlabs.com/img/items180/xmas.decoration.candycanes.png,Decorative Plastic Candy Canes,xmas.decoration.candycanes,3,Декоративные пластиковые карамельные трости
213,-282113991,https://rustlabs.com/img/items180/electric.simplelight.png,Simple Light,electric.simplelight,5,Простой свет
274,-1878764039,https://rustlabs.com/img/items180/fish.troutsmall.png,Small Trout,fish.troutsmall,1,Малая форель
288,-1709878924,https://rustlabs.com/img/items180/humanmeat.raw.png,Raw Human Meat,humanmeat.raw,1,Сырое человеческое мясо
502,-41440462,https://rustlabs.com/img/items180/shotgun.spas12.png,Spas-12 Shotgun,shotgun.spas12,10,Дробовик Spas-12
454,-1850571427,https://rustlabs.com/img/items180/weapon.mod.silencer.png,Silencer,weapon.mod.silencer,10,Глушитель
46,-148794216,https://rustlabs.com/img/items180/wall.frame.garagedoor.png,Garage Door,wall.frame.garagedoor,11,Гаражные ворота
460,1711033574,https://rustlabs.com/img/items180/bone.club.png,Bone Club,bone.club,10,Костяная дубинка
335,-489848205,https://rustlabs.com/img/items180/largecandles.png,Large Candle Set,largecandles,3,Большой набор свечей
475,-1368584029,https://rustlabs.com/img/items180/sickle.png,Sickle,sickle,3,Серп
461,1814288539,https://rustlabs.com/img/items180/knife.bone.png,Bone Knife,knife.bone,10,Костяной нож
384,-690276911,https://rustlabs.com/img/items180/gloweyes.png,Glowing Eyes,gloweyes,2,Светящиеся глаза
359,282103175,https://rustlabs.com/img/items180/giantlollipops.png,Giant Lollipop Decor,giantlollipops,3,Гигантское украшение-леденец
379,-1331212963,https://rustlabs.com/img/items180/xmas.decoration.star.png,Star Tree Topper,xmas.decoration.star,3,Звезда на верхушку елки
319,-1916473915,https://rustlabs.com/img/items180/chineselantern.png,Chinese Lantern,chineselantern,7,Китайский фонарь
103,-575744869,https://rustlabs.com/img/items180/partyhat.png,Party Hat,partyhat,2,Праздничная шляпа
26,-1685290200,https://rustlabs.com/img/items180/ammo.shotgun.png,12 Gauge Buckshot,ammo.shotgun,8,Картечь 12 калибра
200,-690968985,https://rustlabs.com/img/items180/electric.blocker.png,Blocker,electric.blocker,5,Блокиратор
196,-798293154,https://rustlabs.com/img/items180/electric.laserdetector.png,Laser Detector,electric.laserdetector,5,Лазерный детектор
497,-1878475007,https://rustlabs.com/img/items180/explosive.satchel.png,Satchel Charge,explosive.satchel,9,Заряд-чемоданчик
331,-1002156085,https://rustlabs.com/img/items180/easter.goldegg.png,Gold Egg,easter.goldegg,3,Золотое яйцо
452,1478091698,https://rustlabs.com/img/items180/weapon.mod.muzzlebrake.png,Muzzle Brake,weapon.mod.muzzlebrake,10,Тормоз-компенсатор
115,1992974553,https://rustlabs.com/img/items180/burlap.trousers.png,Burlap Trousers,burlap.trousers,2,Брюки из мешковины
364,-722241321,https://rustlabs.com/img/items180/xmas.present.small.png,Small Present,xmas.present.small,3,Маленький подарок
315,-1112793865,https://rustlabs.com/img/items180/door.key.png,Door Key,door.key,3,Ключ от двери
68,-1108136649,https://rustlabs.com/img/items180/tactical.gloves.png,Tactical Gloves,tactical.gloves,2,Тактические перчатки
20,605467368,https://rustlabs.com/img/items180/ammo.rifle.incendiary.png,Incendiary 5.56 Rifle Ammo,ammo.rifle.incendiary,8,Зажигательные патроны 5.56
498,795371088,https://rustlabs.com/img/items180/shotgun.pump.png,Pump Shotgun,shotgun.pump,10,Помповое ружье
172,-92759291,https://rustlabs.com/img/items180/spikes.floor.png,Wooden Floor Spikes,spikes.floor,13,Деревянные шипы на полу
339,809199956,https://rustlabs.com/img/items180/gravestone.png,Gravestone,gravestone,3,Надгробие
488,-1302129395,https://rustlabs.com/img/items180/pickaxe.png,Pickaxe,pickaxe,9,Кирка
464,1104520648,https://rustlabs.com/img/items180/chainsaw.png,Chainsaw,chainsaw,9,Бензопила
81,649305916,https://rustlabs.com/img/items180/female_hairstyle_03.png,f-hairstyle-3,female_hairstyle_03,2,f-hairstyle-3
515,1400460850,https://rustlabs.com/img/items180/horse.saddlebag.png,Saddle bag,horse.saddlebag,2,Седло с сумками
106,1751045826,https://rustlabs.com/img/items180/hoodie.png,Hoodie,hoodie,2,Толстовка
480,-1812555177,https://rustlabs.com/img/items180/rifle.lr300.png,LR-300 Assault Rifle,rifle.lr300,10,Штурмовая винтовка LR-300
211,2090395347,https://rustlabs.com/img/items180/electric.solarpanel.large.png,Large Solar Panel,electric.solarpanel.large,5,Большая солнечная панель
230,-1647846966,https://rustlabs.com/img/items180/sign.hanging.ornate.png,Two SgameIded Ornate Hanging Sign,sign.hanging.ornate,7,Двусторонняя украшенная вывеска
42,-956706906,https://rustlabs.com/img/items180/wall.frame.cell.gate.png,Prison Cell Gate,wall.frame.cell.gate,11,Ворота тюремной камеры
473,-194509282,https://rustlabs.com/img/items180/knife.butcher.png,Butcher Knife,knife.butcher,10,Нож мясника
6,1055319033,https://rustlabs.com/img/items180/ammo.grenadelauncher.buckshot.png,40mm Shotgun Round,ammo.grenadelauncher.buckshot,8,40мм дробовой патрон
